{
	"credit": "Made with Blockbench",
	"textures": {
		"1": "item/boarding_pass",
		"particle": "item/boarding_pass"
	},
	"elements": [
		{
			"from": [2.5, 1, 7],
			"to": [13.5, 15, 8],
			"rotation": {"angle": 0, "axis": "y", "origin": [12, 9, 22]},
			"faces": {
				"south": {"uv": [0, 0, 15.964, 15.964], "texture": "#1"}
			}
		}
	],
	"display": {
		"thirdperson_righthand": {
			"rotation": [0, -90, 0],
			"scale": [0, 0, 0]
		},
		"thirdperson_lefthand": {
			"rotation": [0, -90, 0],
			"scale": [0.5, 0.5, 0.5]
		},
		"firstperson_righthand": {
			"translation": [0, 4.5, 0],
			"scale": [0.5, 0.5, 0.5]
		},
		"firstperson_lefthand": {
			"translation": [0, 3.75, 0],
			"scale": [0.5, 0.5, 0.5]
		},
		"ground": {
			"scale": [0.03, 0.03, 0.03]
		},
		"fixed": {
			"translation": [0, 0, 1.5]
		}
	}
}