{
	"credit": "Made with Blockbench",
	"parent": "block",
	"textures": {
		"0": "item/sabotagebutton",
		"particle": "item/sabotagebutton"
	},
	"elements": [
		{
			"from": [3, 3, 7],
			"to": [13, 13, 8],
			"rotation": {"angle": 0, "axis": "y", "origin": [11, 11, 22]},
			"faces": {
				"north": {"uv": [15.857, 0, 15.964, 0.107], "texture": "#0"},
				"east": {"uv": [15.857, 0, 15.964, 0.107], "texture": "#0"},
				"south": {"uv": [0, 0, 15.964, 15.964], "texture": "#0"},
				"west": {"uv": [15.857, 0, 15.964, 0.107], "texture": "#0"},
				"up": {"uv": [15.857, 0, 15.964, 0.107], "texture": "#0"},
				"down": {"uv": [15.857, 0, 15.964, 0.107], "texture": "#0"}
			}
		}
	],
	"display": {
		"thirdperson_righthand": {
			"translation": [0, -2, 2],
			"scale": [0.1, 0.1, 0.1]
		},
		"thirdperson_lefthand": {
			"translation": [0, -3, 1.25],
			"scale": [0.1, 0.1, 0.1]
		},
		"firstperson_righthand": {
			"translation": [0, 2.75, 0],
			"scale": [0.5, 0.5, 0.5]
		},
		"firstperson_lefthand": {
			"translation": [0, 2.75, 0],
			"scale": [0.5, 0.5, 0.5]
		},
		"ground": {
			"scale": [0.03, 0.03, 0.03]
		},
		"gui": {
			"scale": [1.25, 1.25, 1]
		},
		"fixed": {
			"translation": [0, 0, 1.5]
		}
	}
}