{
	"credit": "Made with Blockbench",
	"textures": {
		"bottom": "block/scaffolding_grate",
		"sides": "block/stone"
	},
	"elements": [
		{
			"from": [0, 13, 0],
			"to": [16, 16, 16],
			"rotation": {"angle": 0, "axis": "y", "origin": [8, 21, 8]},
			"faces": {
				"north": {"uv": [0, 0, 16, 3], "texture": "#sides"},
				"east": {"uv": [0, 0, 16, 3], "texture": "#sides"},
				"south": {"uv": [0, 0, 16, 3], "texture": "#sides"},
				"west": {"uv": [0, 0, 16, 3], "texture": "#sides"},
				"up": {"uv": [0, 0, 16, 16], "texture": "#bottom"},
				"down": {"uv": [0, 0, 16, 16], "texture": "#bottom", "cullface": "down"}
			}
		}
	]
}