{
	"credit": "Made with Blockbench",
	"parent": "block/block",
	"textures": {
		"texture": "block/jungle_planks"
	},
	"elements": [
		{
			"name": "top bar",
			"from": [7, 12, 0],
			"to": [9, 15, 9],
			"faces": {
				"north": {"uv": [7, 1, 9, 4], "texture": "#texture", "cullface": "north"},
				"east": {"uv": [0, 1, 9, 4], "texture": "#texture"},
				"west": {"uv": [0, 1, 9, 4], "texture": "#texture"},
				"up": {"uv": [7, 0, 9, 9], "texture": "#texture"},
				"down": {"uv": [7, 0, 9, 9], "texture": "#texture"}
			}
		}
	]
}