{
	"credit": "Made with Blockbench",
	"parent": "block/block",
	"textures": {
		"top": "block/angled_top",
		"sides": "block/angled_sides"
	},
	"elements": [
		{
			"from": [-16, -16, -16],
			"to": [32, 16, 32],
			"rotation": {"angle": 45, "axis": "y", "origin": [8, 8, 8]},
			"faces": {
				"north": {"uv": [0, 5.334, 16, 16], "texture": "#sides"},
				"east": {"uv": [0, 5.334, 16, 16], "texture": "#sides"},
				"south": {"uv": [0, 5.334, 16, 16], "texture": "#sides"},
				"west": {"uv": [0, 5.334, 16, 16], "texture": "#sides"},
				"up": {"uv": [0, 0, 16, 16], "texture": "#top"},
				"down": {"uv": [0, 0, 16, 16], "rotation": 180, "texture": "#top"}
			}
		}
	],
	"display": {
		"thirdperson_righthand": {
			"scale": [0.15, 0.15, 0.15]
		},
		"thirdperson_lefthand": {
			"scale": [0.15, 0.15, 0.15]
		},
		"firstperson_righthand": {
			"scale": [0.15, 0.15, 0.15]
		},
		"firstperson_lefthand": {
			"scale": [0.15, 0.15, 0.15]
		},
		"gui": {
			"rotation": [45, 0, 0],
			"translation": [0, 1.5, 0],
			"scale": [0.25, 0.25, 0.25]
		}
	}
}