{
	"credit": "Made with Blockbench",
	"parent": "block/block",
	"textures": {
		"top": "block/angled_top",
		"sides": "block/angled_sides",
		"bottom": "block/angled_bottom"
	},
	"elements": [
		{
			"from": [0, 0, 0],
			"to": [16, 16, 16],
			"rotation": {"angle": 45, "axis": "y", "origin": [8, 8, 8]},
			"faces": {
				"north": {"uv": [0, 0, 16, 16], "texture": "#sides"},
				"east": {"uv": [0, 0, 16, 16], "texture": "#sides"},
				"south": {"uv": [0, 0, 16, 16], "texture": "#sides"},
				"west": {"uv": [0, 0, 16, 16], "texture": "#sides"},
				"up": {"uv": [0, 0, 16, 16], "texture": "#top"},
				"down": {"uv": [0, 0, 16, 16], "texture": "#bottom"}
			}
		}
	]
}