{
	"credit": "Made with Blockbench",
	"textures": {
		"1": "block/paper",
		"particle": "block/brown_terracotta",
		"texture": "block/brown_terracotta"
	},
	"elements": [
		{
			"from": [3, 0, 4],
			"to": [13, 1, 12],
			"faces": {
				"north": {"uv": [0, 10, 16, 16], "texture": "#1", "cullface": "north"},
				"east": {"uv": [0, 10, 16, 16], "texture": "#1", "cullface": "east"},
				"south": {"uv": [0, 10, 16, 16], "texture": "#1", "cullface": "south"},
				"west": {"uv": [0, 10, 16, 16], "texture": "#1", "cullface": "west"},
				"up": {"uv": [0, 0, 16, 16], "texture": "#1"},
				"down": {"uv": [0, 0, 16, 16], "texture": "#1", "cullface": "down"}
			}
		},
		{
			"from": [3, 1, 4],
			"to": [13, 2, 12],
			"rotation": {"angle": 45, "axis": "y", "origin": [8, 9, 8]},
			"faces": {
				"north": {"uv": [0, 10, 16, 16], "texture": "#1", "cullface": "north"},
				"east": {"uv": [0, 10, 16, 16], "texture": "#1", "cullface": "east"},
				"south": {"uv": [0, 10, 16, 16], "texture": "#1", "cullface": "south"},
				"west": {"uv": [0, 10, 16, 16], "texture": "#1", "cullface": "west"},
				"up": {"uv": [0, 0, 16, 16], "texture": "#1"},
				"down": {"uv": [0, 0, 16, 16], "texture": "#1", "cullface": "down"}
			}
		},
		{
			"from": [3, 2, 2],
			"to": [13, 3, 14],
			"rotation": {"angle": -22.5, "axis": "y", "origin": [8, 10, 8]},
			"faces": {
				"north": {"uv": [0, 10, 16, 16], "texture": "#1", "cullface": "north"},
				"east": {"uv": [0, 10, 16, 16], "texture": "#1", "cullface": "east"},
				"south": {"uv": [0, 10, 16, 16], "texture": "#1", "cullface": "south"},
				"west": {"uv": [0, 10, 16, 16], "texture": "#1", "cullface": "west"},
				"up": {"uv": [0, 0, 16, 16], "texture": "#1"},
				"down": {"uv": [0, 0, 16, 16], "texture": "#1", "cullface": "down"}
			}
		},
		{
			"from": [0, 0, 0],
			"to": [16, 0, 16],
			"faces": {
				"north": {"uv": [0, 0, 16, 0], "texture": "#texture"},
				"east": {"uv": [0, 0, 16, 0], "texture": "#texture"},
				"south": {"uv": [0, 0, 16, 0], "texture": "#texture"},
				"west": {"uv": [0, 0, 16, 0], "texture": "#texture"},
				"up": {"uv": [0, 0, 16, 16], "texture": "#texture"},
				"down": {"uv": [0, 0, 16, 16], "texture": "#texture"}
			}
		}
	]
}