{
    "parent": "item/generated",
	
    "textures": {
        "layer0": "item/feather"
    },
	
	"overrides": [
		{"predicate": {"custom_model_data":1 }, "model": "item/pets/red_mini_crewmate"},
		{"predicate": {"custom_model_data":2 }, "model": "item/pets/orange_mini_crewmate"},
		{"predicate": {"custom_model_data":3 }, "model": "item/pets/yellow_mini_crewmate"},
		{"predicate": {"custom_model_data":4 }, "model": "item/pets/green_mini_crewmate"},
		{"predicate": {"custom_model_data":5 }, "model": "item/pets/lime_mini_crewmate"},
		{"predicate": {"custom_model_data":6 }, "model": "item/pets/cyan_mini_crewmate"},
		{"predicate": {"custom_model_data":7 }, "model": "item/pets/blue_mini_crewmate"},
		{"predicate": {"custom_model_data":8 }, "model": "item/pets/purple_mini_crewmate"},
		{"predicate": {"custom_model_data":9 }, "model": "item/pets/pink_mini_crewmate"},
		{"predicate": {"custom_model_data":10}, "model": "item/pets/white_mini_crewmate"},
		{"predicate": {"custom_model_data":11}, "model": "item/pets/black_mini_crewmate"},
		{"predicate": {"custom_model_data":12}, "model": "item/pets/brown_mini_crewmate"},
		{"predicate": {"custom_model_data":13}, "model": "item/pets/generic_crewmate"}
	]
}