{
	"credit": "Made with Blockbench",
	"textures": {
		"0": "block/Eye",
		"1": "block/Pinnaple",
		"2": "block/Green",
		"particle": "block/Eye"
	},
	"elements": [
		{
			"from": [7.01014, 3.85203, 5.69595],
			"to": [9.01014, 4.85203, 6.69595],
			"rotation": {"angle": 0, "axis": "y", "origin": [15.01014, 11.85203, 13.69595]},
			"faces": {
				"north": {"uv": [0, 0, 2, 1], "texture": "#1"},
				"east": {"uv": [0, 0, 1, 1], "texture": "#1"},
				"south": {"uv": [0, 0, 2, 1], "texture": "#1"},
				"west": {"uv": [0, 0, 1, 1], "texture": "#1"},
				"up": {"uv": [0, 0, 2, 1], "texture": "#1"},
				"down": {"uv": [0, 0, 2, 1], "texture": "#1"}
			}
		},
		{
			"from": [5.01014, 3.85203, 7.69595],
			"to": [6.01014, 4.85203, 9.69595],
			"rotation": {"angle": 0, "axis": "y", "origin": [13.01014, 11.85203, 15.69595]},
			"faces": {
				"north": {"uv": [0, 0, 1, 1], "texture": "#1"},
				"east": {"uv": [0, 0, 2, 1], "texture": "#1"},
				"south": {"uv": [0, 0, 1, 1], "texture": "#1"},
				"west": {"uv": [0, 0, 2, 1], "texture": "#1"},
				"up": {"uv": [0, 0, 1, 2], "texture": "#1"},
				"down": {"uv": [0, 0, 1, 2], "texture": "#1"}
			}
		},
		{
			"from": [6.01014, 3.85203, 6.69595],
			"to": [10.01014, 4.85203, 10.69595],
			"rotation": {"angle": 0, "axis": "y", "origin": [15.01014, 11.85203, 15.69595]},
			"faces": {
				"north": {"uv": [0, 0, 4, 1], "texture": "#1"},
				"east": {"uv": [0, 0, 4, 1], "texture": "#1"},
				"south": {"uv": [0, 0, 4, 1], "texture": "#1"},
				"west": {"uv": [0, 0, 4, 1], "texture": "#1"},
				"up": {"uv": [0, 0, 4, 4], "texture": "#1"},
				"down": {"uv": [0, 0, 4, 4], "texture": "#1"}
			}
		},
		{
			"from": [7.01014, 3.85203, 10.69595],
			"to": [9.01014, 4.85203, 11.69595],
			"rotation": {"angle": 0, "axis": "y", "origin": [15.01014, 11.85203, 18.69595]},
			"faces": {
				"north": {"uv": [0, 0, 2, 1], "texture": "#1"},
				"east": {"uv": [0, 0, 1, 1], "texture": "#1"},
				"south": {"uv": [0, 0, 2, 1], "texture": "#1"},
				"west": {"uv": [0, 0, 1, 1], "texture": "#1"},
				"up": {"uv": [0, 0, 2, 1], "texture": "#1"},
				"down": {"uv": [0, 0, 2, 1], "texture": "#1"}
			}
		},
		{
			"from": [10.01014, 3.85203, 7.69595],
			"to": [11.01014, 4.85203, 9.69595],
			"rotation": {"angle": 0, "axis": "y", "origin": [18.01014, 11.85203, 15.69595]},
			"faces": {
				"north": {"uv": [0, 0, 1, 1], "texture": "#1"},
				"east": {"uv": [0, 0, 2, 1], "texture": "#1"},
				"south": {"uv": [0, 0, 1, 1], "texture": "#1"},
				"west": {"uv": [0, 0, 2, 1], "texture": "#1"},
				"up": {"uv": [0, 0, 1, 2], "texture": "#1"},
				"down": {"uv": [0, 0, 1, 2], "texture": "#1"}
			}
		},
		{
			"from": [6.76014, 4.85203, 5.44595],
			"to": [9.26014, 5.85203, 6.94595],
			"rotation": {"angle": 0, "axis": "y", "origin": [15.01014, 12.85203, 13.69595]},
			"faces": {
				"north": {"uv": [0, 0, 2.5, 1], "texture": "#1"},
				"east": {"uv": [0, 0, 1.5, 1], "texture": "#1"},
				"south": {"uv": [0, 0, 2.5, 1], "texture": "#1"},
				"west": {"uv": [0, 0, 1.5, 1], "texture": "#1"},
				"up": {"uv": [0, 0, 2.5, 1.5], "texture": "#1"},
				"down": {"uv": [0, 0, 2.5, 1.5], "texture": "#1"}
			}
		},
		{
			"from": [4.76014, 4.85203, 7.44595],
			"to": [6.26014, 5.85203, 9.94595],
			"rotation": {"angle": 0, "axis": "y", "origin": [13.01014, 12.85203, 15.69595]},
			"faces": {
				"north": {"uv": [0, 0, 1.5, 1], "texture": "#1"},
				"east": {"uv": [0, 0, 2.5, 1], "texture": "#1"},
				"south": {"uv": [0, 0, 1.5, 1], "texture": "#1"},
				"west": {"uv": [0, 0, 2.5, 1], "texture": "#1"},
				"up": {"uv": [0, 0, 1.5, 2.5], "texture": "#1"},
				"down": {"uv": [0, 0, 1.5, 2.5], "texture": "#1"}
			}
		},
		{
			"from": [5.76014, 4.85203, 6.44595],
			"to": [10.26014, 5.85203, 10.94595],
			"rotation": {"angle": 0, "axis": "y", "origin": [15.01014, 12.85203, 15.69595]},
			"faces": {
				"north": {"uv": [0, 0, 4.5, 1], "texture": "#1"},
				"east": {"uv": [0, 0, 4.5, 1], "texture": "#1"},
				"south": {"uv": [0, 0, 4.5, 1], "texture": "#1"},
				"west": {"uv": [0, 0, 4.5, 1], "texture": "#1"},
				"up": {"uv": [0, 0, 4.5, 4.5], "texture": "#1"},
				"down": {"uv": [0, 0, 4.5, 4.5], "texture": "#1"}
			}
		},
		{
			"from": [6.76014, 4.85203, 10.44595],
			"to": [9.26014, 5.85203, 11.94595],
			"rotation": {"angle": 0, "axis": "y", "origin": [15.01014, 12.85203, 18.69595]},
			"faces": {
				"north": {"uv": [0, 0, 2.5, 1], "texture": "#1"},
				"east": {"uv": [0, 0, 1.5, 1], "texture": "#1"},
				"south": {"uv": [0, 0, 2.5, 1], "texture": "#1"},
				"west": {"uv": [0, 0, 1.5, 1], "texture": "#1"},
				"up": {"uv": [0, 0, 2.5, 1.5], "texture": "#1"},
				"down": {"uv": [0, 0, 2.5, 1.5], "texture": "#1"}
			}
		},
		{
			"from": [9.76014, 4.85203, 7.44595],
			"to": [11.26014, 5.85203, 9.94595],
			"rotation": {"angle": 0, "axis": "y", "origin": [18.01014, 12.85203, 15.69595]},
			"faces": {
				"north": {"uv": [0, 0, 1.5, 1], "texture": "#1"},
				"east": {"uv": [0, 0, 2.5, 1], "texture": "#1"},
				"south": {"uv": [0, 0, 1.5, 1], "texture": "#1"},
				"west": {"uv": [0, 0, 2.5, 1], "texture": "#1"},
				"up": {"uv": [0, 0, 1.5, 2.5], "texture": "#1"},
				"down": {"uv": [0, 0, 1.5, 2.5], "texture": "#1"}
			}
		},
		{
			"from": [6.51014, 5.85203, 5.19595],
			"to": [9.51014, 8.85203, 7.19595],
			"rotation": {"angle": 0, "axis": "y", "origin": [15.01014, 13.85203, 13.69595]},
			"faces": {
				"north": {"uv": [0, 0, 3, 3], "texture": "#1"},
				"east": {"uv": [0, 0, 2, 3], "texture": "#1"},
				"south": {"uv": [0, 0, 3, 3], "texture": "#1"},
				"west": {"uv": [0, 0, 2, 3], "texture": "#1"},
				"up": {"uv": [0, 0, 3, 2], "texture": "#1"},
				"down": {"uv": [0, 0, 3, 2], "texture": "#1"}
			}
		},
		{
			"from": [4.51014, 5.85203, 7.19595],
			"to": [6.51014, 8.85203, 10.19595],
			"rotation": {"angle": 0, "axis": "y", "origin": [13.01014, 13.85203, 15.69595]},
			"faces": {
				"north": {"uv": [0, 0, 2, 3], "texture": "#1"},
				"east": {"uv": [0, 0, 3, 3], "texture": "#1"},
				"south": {"uv": [0, 0, 2, 3], "texture": "#1"},
				"west": {"uv": [0, 0, 3, 3], "texture": "#1"},
				"up": {"uv": [0, 0, 2, 3], "texture": "#1"},
				"down": {"uv": [0, 0, 2, 3], "texture": "#1"}
			}
		},
		{
			"from": [5.51014, 5.85203, 6.19595],
			"to": [10.51014, 8.85203, 11.19595],
			"rotation": {"angle": 0, "axis": "y", "origin": [15.01014, 13.85203, 15.69595]},
			"faces": {
				"north": {"uv": [0, 0, 5, 3], "texture": "#1"},
				"east": {"uv": [0, 0, 5, 3], "texture": "#1"},
				"south": {"uv": [0, 0, 5, 3], "texture": "#1"},
				"west": {"uv": [0, 0, 5, 3], "texture": "#1"},
				"up": {"uv": [0, 0, 5, 5], "texture": "#1"},
				"down": {"uv": [0, 0, 5, 5], "texture": "#1"}
			}
		},
		{
			"from": [6.51014, 5.85203, 10.19595],
			"to": [9.51014, 8.85203, 12.19595],
			"rotation": {"angle": 0, "axis": "y", "origin": [15.01014, 13.85203, 18.69595]},
			"faces": {
				"north": {"uv": [0, 0, 3, 3], "texture": "#1"},
				"east": {"uv": [0, 0, 2, 3], "texture": "#1"},
				"south": {"uv": [0, 0, 3, 3], "texture": "#1"},
				"west": {"uv": [0, 0, 2, 3], "texture": "#1"},
				"up": {"uv": [0, 0, 3, 2], "texture": "#1"},
				"down": {"uv": [0, 0, 3, 2], "texture": "#1"}
			}
		},
		{
			"from": [9.51014, 5.85203, 7.19595],
			"to": [11.51014, 8.85203, 10.19595],
			"rotation": {"angle": 0, "axis": "y", "origin": [18.01014, 13.85203, 15.69595]},
			"faces": {
				"north": {"uv": [0, 0, 2, 3], "texture": "#1"},
				"east": {"uv": [0, 0, 3, 3], "texture": "#1"},
				"south": {"uv": [0, 0, 2, 3], "texture": "#1"},
				"west": {"uv": [0, 0, 3, 3], "texture": "#1"},
				"up": {"uv": [0, 0, 2, 3], "texture": "#1"},
				"down": {"uv": [0, 0, 2, 3], "texture": "#1"}
			}
		},
		{
			"from": [6.76014, 8.85203, 5.44595],
			"to": [9.26014, 10.10203, 6.94595],
			"rotation": {"angle": 0, "axis": "y", "origin": [15.01014, 16.85203, 13.69595]},
			"faces": {
				"north": {"uv": [0, 0, 2.5, 1.25], "texture": "#1"},
				"east": {"uv": [0, 0, 1.5, 1.25], "texture": "#1"},
				"south": {"uv": [0, 0, 2.5, 1.25], "texture": "#1"},
				"west": {"uv": [0, 0, 1.5, 1.25], "texture": "#1"},
				"up": {"uv": [0, 0, 2.5, 1.5], "texture": "#1"},
				"down": {"uv": [0, 0, 2.5, 1.5], "texture": "#1"}
			}
		},
		{
			"from": [4.76014, 8.85203, 7.44595],
			"to": [6.26014, 10.10203, 9.94595],
			"rotation": {"angle": 0, "axis": "y", "origin": [13.01014, 16.85203, 15.69595]},
			"faces": {
				"north": {"uv": [0, 0, 1.5, 1.25], "texture": "#1"},
				"east": {"uv": [0, 0, 2.5, 1.25], "texture": "#1"},
				"south": {"uv": [0, 0, 1.5, 1.25], "texture": "#1"},
				"west": {"uv": [0, 0, 2.5, 1.25], "texture": "#1"},
				"up": {"uv": [0, 0, 1.5, 2.5], "texture": "#1"},
				"down": {"uv": [0, 0, 1.5, 2.5], "texture": "#1"}
			}
		},
		{
			"from": [5.76014, 8.85203, 6.44595],
			"to": [10.26014, 10.10203, 10.94595],
			"rotation": {"angle": 0, "axis": "y", "origin": [15.01014, 16.85203, 15.69595]},
			"faces": {
				"north": {"uv": [0, 0, 4.5, 1.25], "texture": "#1"},
				"east": {"uv": [0, 0, 4.5, 1.25], "texture": "#1"},
				"south": {"uv": [0, 0, 4.5, 1.25], "texture": "#1"},
				"west": {"uv": [0, 0, 4.5, 1.25], "texture": "#1"},
				"up": {"uv": [0, 0, 4.5, 4.5], "texture": "#1"},
				"down": {"uv": [0, 0, 4.5, 4.5], "texture": "#1"}
			}
		},
		{
			"from": [6.76014, 8.85203, 10.44595],
			"to": [9.26014, 10.10203, 11.94595],
			"rotation": {"angle": 0, "axis": "y", "origin": [15.01014, 16.85203, 18.69595]},
			"faces": {
				"north": {"uv": [0, 0, 2.5, 1.25], "texture": "#1"},
				"east": {"uv": [0, 0, 1.5, 1.25], "texture": "#1"},
				"south": {"uv": [0, 0, 2.5, 1.25], "texture": "#1"},
				"west": {"uv": [0, 0, 1.5, 1.25], "texture": "#1"},
				"up": {"uv": [0, 0, 2.5, 1.5], "texture": "#1"},
				"down": {"uv": [0, 0, 2.5, 1.5], "texture": "#1"}
			}
		},
		{
			"from": [9.76014, 8.85203, 7.44595],
			"to": [11.26014, 10.10203, 9.94595],
			"rotation": {"angle": 0, "axis": "y", "origin": [18.01014, 16.85203, 15.69595]},
			"faces": {
				"north": {"uv": [0, 0, 1.5, 1.25], "texture": "#1"},
				"east": {"uv": [0, 0, 2.5, 1.25], "texture": "#1"},
				"south": {"uv": [0, 0, 1.5, 1.25], "texture": "#1"},
				"west": {"uv": [0, 0, 2.5, 1.25], "texture": "#1"},
				"up": {"uv": [0, 0, 1.5, 2.5], "texture": "#1"},
				"down": {"uv": [0, 0, 1.5, 2.5], "texture": "#1"}
			}
		},
		{
			"from": [7.01014, 9.85203, 5.69595],
			"to": [9.01014, 10.85203, 6.69595],
			"rotation": {"angle": 0, "axis": "y", "origin": [15.01014, 17.85203, 13.69595]},
			"faces": {
				"north": {"uv": [0, 0, 2, 1], "texture": "#1"},
				"east": {"uv": [0, 0, 1, 1], "texture": "#1"},
				"south": {"uv": [0, 0, 2, 1], "texture": "#1"},
				"west": {"uv": [0, 0, 1, 1], "texture": "#1"},
				"up": {"uv": [0, 0, 2, 1], "texture": "#1"},
				"down": {"uv": [0, 0, 2, 1], "texture": "#1"}
			}
		},
		{
			"from": [5.01014, 9.85203, 7.69595],
			"to": [6.01014, 10.85203, 9.69595],
			"rotation": {"angle": 0, "axis": "y", "origin": [13.01014, 17.85203, 15.69595]},
			"faces": {
				"north": {"uv": [0, 0, 1, 1], "texture": "#1"},
				"east": {"uv": [0, 0, 2, 1], "texture": "#1"},
				"south": {"uv": [0, 0, 1, 1], "texture": "#1"},
				"west": {"uv": [0, 0, 2, 1], "texture": "#1"},
				"up": {"uv": [0, 0, 1, 2], "texture": "#1"},
				"down": {"uv": [0, 0, 1, 2], "texture": "#1"}
			}
		},
		{
			"from": [6.01014, 9.85203, 6.69595],
			"to": [10.01014, 10.85203, 10.69595],
			"rotation": {"angle": 0, "axis": "y", "origin": [15.01014, 17.85203, 15.69595]},
			"faces": {
				"north": {"uv": [0, 0, 4, 1], "texture": "#1"},
				"east": {"uv": [0, 0, 4, 1], "texture": "#1"},
				"south": {"uv": [0, 0, 4, 1], "texture": "#1"},
				"west": {"uv": [0, 0, 4, 1], "texture": "#1"},
				"up": {"uv": [0, 0, 4, 4], "texture": "#1"},
				"down": {"uv": [0, 0, 4, 4], "texture": "#1"}
			}
		},
		{
			"from": [7.01014, 9.85203, 10.69595],
			"to": [9.01014, 10.85203, 11.69595],
			"rotation": {"angle": 0, "axis": "y", "origin": [15.01014, 17.85203, 18.69595]},
			"faces": {
				"north": {"uv": [0, 0, 2, 1], "texture": "#1"},
				"east": {"uv": [0, 0, 1, 1], "texture": "#1"},
				"south": {"uv": [0, 0, 2, 1], "texture": "#1"},
				"west": {"uv": [0, 0, 1, 1], "texture": "#1"},
				"up": {"uv": [0, 0, 2, 1], "texture": "#1"},
				"down": {"uv": [0, 0, 2, 1], "texture": "#1"}
			}
		},
		{
			"from": [10.01014, 9.85203, 7.69595],
			"to": [11.01014, 10.85203, 9.69595],
			"rotation": {"angle": 0, "axis": "y", "origin": [18.01014, 17.85203, 15.69595]},
			"faces": {
				"north": {"uv": [0, 0, 1, 1], "texture": "#1"},
				"east": {"uv": [0, 0, 2, 1], "texture": "#1"},
				"south": {"uv": [0, 0, 1, 1], "texture": "#1"},
				"west": {"uv": [0, 0, 2, 1], "texture": "#1"},
				"up": {"uv": [0, 0, 1, 2], "texture": "#1"},
				"down": {"uv": [0, 0, 1, 2], "texture": "#1"}
			}
		},
		{
			"from": [7.26014, 10.85203, 5.94595],
			"to": [8.76014, 11.60203, 6.94595],
			"rotation": {"angle": 0, "axis": "y", "origin": [15.01014, 18.85203, 13.69595]},
			"faces": {
				"north": {"uv": [0, 0, 1.5, 0.75], "texture": "#1"},
				"east": {"uv": [0, 0, 1, 0.75], "texture": "#1"},
				"south": {"uv": [0, 0, 1.5, 0.75], "texture": "#1"},
				"west": {"uv": [0, 0, 1, 0.75], "texture": "#1"},
				"up": {"uv": [0, 0, 1.5, 1], "texture": "#1"},
				"down": {"uv": [0, 0, 1.5, 1], "texture": "#1"}
			}
		},
		{
			"from": [5.26014, 10.85203, 7.94595],
			"to": [6.26014, 11.60203, 9.44595],
			"rotation": {"angle": 0, "axis": "y", "origin": [13.01014, 18.85203, 15.69595]},
			"faces": {
				"north": {"uv": [0, 0, 1, 0.75], "texture": "#1"},
				"east": {"uv": [0, 0, 1.5, 0.75], "texture": "#1"},
				"south": {"uv": [0, 0, 1, 0.75], "texture": "#1"},
				"west": {"uv": [0, 0, 1.5, 0.75], "texture": "#1"},
				"up": {"uv": [0, 0, 1, 1.5], "texture": "#1"},
				"down": {"uv": [0, 0, 1, 1.5], "texture": "#1"}
			}
		},
		{
			"from": [6.26014, 10.85203, 6.94595],
			"to": [9.76014, 11.60203, 10.44595],
			"rotation": {"angle": 0, "axis": "y", "origin": [15.01014, 18.85203, 15.69595]},
			"faces": {
				"north": {"uv": [0, 0, 3.5, 0.75], "texture": "#1"},
				"east": {"uv": [0, 0, 3.5, 0.75], "texture": "#1"},
				"south": {"uv": [0, 0, 3.5, 0.75], "texture": "#1"},
				"west": {"uv": [0, 0, 3.5, 0.75], "texture": "#1"},
				"up": {"uv": [0, 0, 3.5, 3.5], "texture": "#1"},
				"down": {"uv": [0, 0, 3.5, 3.5], "texture": "#1"}
			}
		},
		{
			"from": [7.26014, 10.85203, 10.44595],
			"to": [8.76014, 11.60203, 11.44595],
			"rotation": {"angle": 0, "axis": "y", "origin": [15.01014, 18.85203, 18.69595]},
			"faces": {
				"north": {"uv": [0, 0, 1.5, 0.75], "texture": "#1"},
				"east": {"uv": [0, 0, 1, 0.75], "texture": "#1"},
				"south": {"uv": [0, 0, 1.5, 0.75], "texture": "#1"},
				"west": {"uv": [0, 0, 1, 0.75], "texture": "#1"},
				"up": {"uv": [0, 0, 1.5, 1], "texture": "#1"},
				"down": {"uv": [0, 0, 1.5, 1], "texture": "#1"}
			}
		},
		{
			"from": [9.76014, 10.85203, 7.94595],
			"to": [10.76014, 11.60203, 9.44595],
			"rotation": {"angle": 0, "axis": "y", "origin": [18.01014, 18.85203, 15.69595]},
			"faces": {
				"north": {"uv": [0, 0, 1, 0.75], "texture": "#1"},
				"east": {"uv": [0, 0, 1.5, 0.75], "texture": "#1"},
				"south": {"uv": [0, 0, 1, 0.75], "texture": "#1"},
				"west": {"uv": [0, 0, 1.5, 0.75], "texture": "#1"},
				"up": {"uv": [0, 0, 1, 1.5], "texture": "#1"},
				"down": {"uv": [0, 0, 1, 1.5], "texture": "#1"}
			}
		},
		{
			"from": [8.51014, 8.15203, 4.69595],
			"to": [10.51014, 10.15203, 5.69595],
			"rotation": {"angle": 0, "axis": "y", "origin": [16.51014, 17.15203, 12.69595]},
			"faces": {
				"north": {"uv": [0, 0, 2, 2], "texture": "#0"},
				"east": {"uv": [0, 0, 1, 2], "texture": "#0"},
				"south": {"uv": [0, 0, 2, 2], "texture": "#0"},
				"west": {"uv": [0, 0, 1, 2], "texture": "#0"},
				"up": {"uv": [0, 0, 2, 1], "texture": "#0"},
				"down": {"uv": [0, 0, 2, 1], "texture": "#0"}
			}
		},
		{
			"from": [5.51014, 8.15203, 4.69595],
			"to": [7.51014, 10.15203, 5.69595],
			"rotation": {"angle": 0, "axis": "y", "origin": [13.51014, 17.15203, 12.69595]},
			"faces": {
				"north": {"uv": [0, 0, 2, 2], "texture": "#0"},
				"east": {"uv": [0, 0, 1, 2], "texture": "#0"},
				"south": {"uv": [0, 0, 2, 2], "texture": "#0"},
				"west": {"uv": [0, 0, 1, 2], "texture": "#0"},
				"up": {"uv": [0, 0, 2, 1], "texture": "#0"},
				"down": {"uv": [0, 0, 2, 1], "texture": "#0"}
			}
		},
		{
			"from": [6.01014, 8.60203, 4.44595],
			"to": [7.01014, 9.60203, 5.44595],
			"rotation": {"angle": 0, "axis": "y", "origin": [14.01014, 16.60203, 12.44595]},
			"faces": {
				"north": {"uv": [15, 15, 16, 16], "texture": "#0"},
				"east": {"uv": [14, 14, 15, 15], "texture": "#0"},
				"south": {"uv": [0, 0, 1, 1], "texture": "#0"},
				"west": {"uv": [14, 14, 15, 15], "texture": "#0"},
				"up": {"uv": [15, 14, 16, 15], "texture": "#0"},
				"down": {"uv": [14, 14, 15, 15], "texture": "#0"}
			}
		},
		{
			"from": [9.01014, 8.60203, 4.44595],
			"to": [10.01014, 9.60203, 5.44595],
			"rotation": {"angle": 0, "axis": "y", "origin": [17.01014, 16.60203, 12.44595]},
			"faces": {
				"north": {"uv": [15, 15, 16, 16], "texture": "#0"},
				"east": {"uv": [14, 14, 15, 15], "texture": "#0"},
				"south": {"uv": [0, 0, 1, 1], "texture": "#0"},
				"west": {"uv": [14, 14, 15, 15], "texture": "#0"},
				"up": {"uv": [15, 14, 16, 15], "texture": "#0"},
				"down": {"uv": [14, 14, 15, 15], "texture": "#0"}
			}
		},
		{
			"from": [6.76014, 5.60203, 4.44595],
			"to": [9.01014, 6.35203, 5.44595],
			"rotation": {"angle": 0, "axis": "y", "origin": [15.51014, 13.60203, 12.44595]},
			"faces": {
				"north": {"uv": [0, 15, 1, 16], "texture": "#0"},
				"east": {"uv": [0, 14, 1, 15], "texture": "#0"},
				"south": {"uv": [0, 0, 2.25, 0.75], "texture": "#0"},
				"west": {"uv": [1, 14, 2, 15], "texture": "#0"},
				"up": {"uv": [0, 15, 1, 16], "texture": "#0"},
				"down": {"uv": [0, 15, 1, 16], "texture": "#0"}
			}
		},
		{
			"from": [5.76014, 6.10203, 4.44595],
			"to": [6.76014, 6.85203, 5.44595],
			"rotation": {"angle": 0, "axis": "y", "origin": [13.26014, 14.10203, 12.44595]},
			"faces": {
				"north": {"uv": [0, 14, 1, 15], "texture": "#0"},
				"east": {"uv": [0, 14, 1, 15], "texture": "#0"},
				"south": {"uv": [0, 14, 1, 15], "texture": "#0"},
				"west": {"uv": [0, 15, 1, 16], "texture": "#0"},
				"up": {"uv": [0, 14, 1, 15], "texture": "#0"},
				"down": {"uv": [1, 15, 2, 16], "texture": "#0"}
			}
		},
		{
			"from": [9.01014, 6.10203, 4.44595],
			"to": [10.01014, 6.85203, 5.44595],
			"rotation": {"angle": 0, "axis": "y", "origin": [16.51014, 14.10203, 12.44595]},
			"faces": {
				"north": {"uv": [0, 14, 1, 15], "texture": "#0"},
				"east": {"uv": [0, 14, 1, 15], "texture": "#0"},
				"south": {"uv": [0, 14, 1, 15], "texture": "#0"},
				"west": {"uv": [0, 14, 1, 15], "texture": "#0"},
				"up": {"uv": [0, 14, 1, 15], "texture": "#0"},
				"down": {"uv": [0, 14, 1, 15], "texture": "#0"}
			}
		},
		{
			"from": [9.75, 13.25, 8],
			"to": [10.75, 14.25, 9],
			"rotation": {"angle": 0, "axis": "y", "origin": [17.75, 21.75, 16]},
			"faces": {
				"north": {"uv": [0, 0, 1, 1], "texture": "#2"},
				"east": {"uv": [0, 0, 1, 1], "texture": "#2"},
				"south": {"uv": [0, 0, 1, 1], "texture": "#2"},
				"west": {"uv": [0, 0, 1, 1], "texture": "#2"},
				"up": {"uv": [0, 0, 1, 1], "texture": "#2"},
				"down": {"uv": [0, 0, 1, 1], "texture": "#2"}
			}
		},
		{
			"from": [10.25, 13.75, 8],
			"to": [11.75, 14.75, 9],
			"rotation": {"angle": 0, "axis": "y", "origin": [18.25, 22.25, 16]},
			"faces": {
				"north": {"uv": [0, 0, 1.5, 1], "texture": "#2"},
				"east": {"uv": [0, 0, 1, 1], "texture": "#2"},
				"south": {"uv": [0, 0, 1.5, 1], "texture": "#2"},
				"west": {"uv": [0, 0, 1, 1], "texture": "#2"},
				"up": {"uv": [0, 0, 1.5, 1], "texture": "#2"},
				"down": {"uv": [0, 0, 1.5, 1], "texture": "#2"}
			}
		},
		{
			"from": [11.25, 13.25, 8],
			"to": [12, 14.5, 9],
			"rotation": {"angle": 0, "axis": "y", "origin": [18.5, 22, 16]},
			"faces": {
				"north": {"uv": [0, 0, 0.75, 1.25], "texture": "#2"},
				"east": {"uv": [0, 0, 1, 1.25], "texture": "#2"},
				"south": {"uv": [0, 0, 0.75, 1.25], "texture": "#2"},
				"west": {"uv": [0, 0, 1, 1.25], "texture": "#2"},
				"up": {"uv": [0, 0, 0.75, 1], "texture": "#2"},
				"down": {"uv": [0, 0, 0.75, 1], "texture": "#2"}
			}
		},
		{
			"from": [9.25, 12.25, 8],
			"to": [10.25, 13.75, 9],
			"rotation": {"angle": 0, "axis": "y", "origin": [17.25, 20.75, 16]},
			"faces": {
				"north": {"uv": [0, 0, 1, 1.5], "texture": "#2"},
				"east": {"uv": [0, 0, 1, 1.5], "texture": "#2"},
				"south": {"uv": [0, 0, 1, 1.5], "texture": "#2"},
				"west": {"uv": [0, 0, 1, 1.5], "texture": "#2"},
				"up": {"uv": [0, 0, 1, 1], "texture": "#2"},
				"down": {"uv": [0, 0, 1, 1], "texture": "#2"}
			}
		},
		{
			"from": [8.75, 11.25, 8],
			"to": [9.75, 12.75, 9],
			"rotation": {"angle": 0, "axis": "y", "origin": [16.75, 19.75, 16]},
			"faces": {
				"north": {"uv": [0, 0, 1, 1.5], "texture": "#2"},
				"east": {"uv": [0, 0, 1, 1.5], "texture": "#2"},
				"south": {"uv": [0, 0, 1, 1.5], "texture": "#2"},
				"west": {"uv": [0, 0, 1, 1.5], "texture": "#2"},
				"up": {"uv": [0, 0, 1, 1], "texture": "#2"},
				"down": {"uv": [0, 0, 1, 1], "texture": "#2"}
			}
		},
		{
			"from": [7.5, 13.25, 10],
			"to": [8.5, 14.25, 11],
			"rotation": {"angle": 0, "axis": "y", "origin": [9.75, 12.25, 8]},
			"faces": {
				"north": {"uv": [0, 0, 1, 1], "texture": "#2"},
				"east": {"uv": [0, 0, 1, 1], "texture": "#2"},
				"south": {"uv": [0, 0, 1, 1], "texture": "#2"},
				"west": {"uv": [0, 0, 1, 1], "texture": "#2"},
				"up": {"uv": [0, 0, 1, 1], "rotation": 90, "texture": "#2"},
				"down": {"uv": [0, 0, 1, 1], "rotation": 270, "texture": "#2"}
			}
		},
		{
			"from": [7.5, 13.75, 10.5],
			"to": [8.5, 14.75, 12],
			"rotation": {"angle": 0, "axis": "y", "origin": [9.75, 12.25, 8]},
			"faces": {
				"north": {"uv": [0, 0, 1, 1], "texture": "#2"},
				"east": {"uv": [0, 0, 1.5, 1], "texture": "#2"},
				"south": {"uv": [0, 0, 1, 1], "texture": "#2"},
				"west": {"uv": [0, 0, 1.5, 1], "texture": "#2"},
				"up": {"uv": [0, 0, 1.5, 1], "rotation": 90, "texture": "#2"},
				"down": {"uv": [0, 0, 1.5, 1], "rotation": 270, "texture": "#2"}
			}
		},
		{
			"from": [7.5, 13.25, 11.5],
			"to": [8.5, 14.5, 12.25],
			"rotation": {"angle": 0, "axis": "y", "origin": [9.75, 12.25, 8]},
			"faces": {
				"north": {"uv": [0, 0, 1, 1.25], "texture": "#2"},
				"east": {"uv": [0, 0, 0.75, 1.25], "texture": "#2"},
				"south": {"uv": [0, 0, 1, 1.25], "texture": "#2"},
				"west": {"uv": [0, 0, 0.75, 1.25], "texture": "#2"},
				"up": {"uv": [0, 0, 0.75, 1], "rotation": 90, "texture": "#2"},
				"down": {"uv": [0, 0, 0.75, 1], "rotation": 270, "texture": "#2"}
			}
		},
		{
			"from": [7.5, 12.25, 9.5],
			"to": [8.5, 13.75, 10.5],
			"rotation": {"angle": 0, "axis": "y", "origin": [9.75, 12.25, 8]},
			"faces": {
				"north": {"uv": [0, 0, 1, 1.5], "texture": "#2"},
				"east": {"uv": [0, 0, 1, 1.5], "texture": "#2"},
				"south": {"uv": [0, 0, 1, 1.5], "texture": "#2"},
				"west": {"uv": [0, 0, 1, 1.5], "texture": "#2"},
				"up": {"uv": [0, 0, 1, 1], "rotation": 90, "texture": "#2"},
				"down": {"uv": [0, 0, 1, 1], "rotation": 270, "texture": "#2"}
			}
		},
		{
			"from": [7.5, 11.25, 9],
			"to": [8.5, 12.75, 10],
			"rotation": {"angle": 0, "axis": "y", "origin": [9.75, 12.25, 8]},
			"faces": {
				"north": {"uv": [0, 0, 1, 1.5], "texture": "#2"},
				"east": {"uv": [0, 0, 1, 1.5], "texture": "#2"},
				"south": {"uv": [0, 0, 1, 1.5], "texture": "#2"},
				"west": {"uv": [0, 0, 1, 1.5], "texture": "#2"},
				"up": {"uv": [0, 0, 1, 1], "rotation": 90, "texture": "#2"},
				"down": {"uv": [0, 0, 1, 1], "rotation": 270, "texture": "#2"}
			}
		},
		{
			"from": [11, 13.25, 8.25],
			"to": [12, 14.25, 9.25],
			"rotation": {"angle": -45, "axis": "y", "origin": [9, 12.25, 7]},
			"faces": {
				"north": {"uv": [0, 0, 1, 1], "texture": "#2"},
				"east": {"uv": [0, 0, 1, 1], "texture": "#2"},
				"south": {"uv": [0, 0, 1, 1], "texture": "#2"},
				"west": {"uv": [0, 0, 1, 1], "texture": "#2"},
				"up": {"uv": [0, 0, 1, 1], "texture": "#2"},
				"down": {"uv": [0, 0, 1, 1], "texture": "#2"}
			}
		},
		{
			"from": [11.5, 13.75, 8.25],
			"to": [13, 14.75, 9.25],
			"rotation": {"angle": -45, "axis": "y", "origin": [9, 12.25, 7]},
			"faces": {
				"north": {"uv": [0, 0, 1.5, 1], "texture": "#2"},
				"east": {"uv": [0, 0, 1, 1], "texture": "#2"},
				"south": {"uv": [0, 0, 1.5, 1], "texture": "#2"},
				"west": {"uv": [0, 0, 1, 1], "texture": "#2"},
				"up": {"uv": [0, 0, 1.5, 1], "texture": "#2"},
				"down": {"uv": [0, 0, 1.5, 1], "texture": "#2"}
			}
		},
		{
			"from": [12.5, 13.25, 8.25],
			"to": [13.25, 14.5, 9.25],
			"rotation": {"angle": -45, "axis": "y", "origin": [9, 12.25, 7]},
			"faces": {
				"north": {"uv": [0, 0, 0.75, 1.25], "texture": "#2"},
				"east": {"uv": [0, 0, 1, 1.25], "texture": "#2"},
				"south": {"uv": [0, 0, 0.75, 1.25], "texture": "#2"},
				"west": {"uv": [0, 0, 1, 1.25], "texture": "#2"},
				"up": {"uv": [0, 0, 0.75, 1], "texture": "#2"},
				"down": {"uv": [0, 0, 0.75, 1], "texture": "#2"}
			}
		},
		{
			"from": [10.5, 12.25, 8.25],
			"to": [11.5, 13.75, 9.25],
			"rotation": {"angle": -45, "axis": "y", "origin": [9, 12.25, 7]},
			"faces": {
				"north": {"uv": [0, 0, 1, 1.5], "texture": "#2"},
				"east": {"uv": [0, 0, 1, 1.5], "texture": "#2"},
				"south": {"uv": [0, 0, 1, 1.5], "texture": "#2"},
				"west": {"uv": [0, 0, 1, 1.5], "texture": "#2"},
				"up": {"uv": [0, 0, 1, 1], "texture": "#2"},
				"down": {"uv": [0, 0, 1, 1], "texture": "#2"}
			}
		},
		{
			"from": [10, 11.25, 8.25],
			"to": [11, 12.75, 9.25],
			"rotation": {"angle": -45, "axis": "y", "origin": [9, 12.25, 7]},
			"faces": {
				"north": {"uv": [0, 0, 1, 1.5], "texture": "#2"},
				"east": {"uv": [0, 0, 1, 1.5], "texture": "#2"},
				"south": {"uv": [0, 0, 1, 1.5], "texture": "#2"},
				"west": {"uv": [0, 0, 1, 1.5], "texture": "#2"},
				"up": {"uv": [0, 0, 1, 1], "texture": "#2"},
				"down": {"uv": [0, 0, 1, 1], "texture": "#2"}
			}
		},
		{
			"from": [9.75, 13.25, 8.5],
			"to": [10.75, 14.25, 9.5],
			"rotation": {"angle": 45, "axis": "y", "origin": [7.75, 11.75, 9]},
			"faces": {
				"north": {"uv": [0, 0, 1, 1], "texture": "#2"},
				"east": {"uv": [0, 0, 1, 1], "texture": "#2"},
				"south": {"uv": [0, 0, 1, 1], "texture": "#2"},
				"west": {"uv": [0, 0, 1, 1], "texture": "#2"},
				"up": {"uv": [0, 0, 1, 1], "texture": "#2"},
				"down": {"uv": [0, 0, 1, 1], "texture": "#2"}
			}
		},
		{
			"from": [10.25, 13.75, 8.5],
			"to": [11.75, 14.75, 9.5],
			"rotation": {"angle": 45, "axis": "y", "origin": [7.75, 11.75, 9]},
			"faces": {
				"north": {"uv": [0, 0, 1.5, 1], "texture": "#2"},
				"east": {"uv": [0, 0, 1, 1], "texture": "#2"},
				"south": {"uv": [0, 0, 1.5, 1], "texture": "#2"},
				"west": {"uv": [0, 0, 1, 1], "texture": "#2"},
				"up": {"uv": [0, 0, 1.5, 1], "texture": "#2"},
				"down": {"uv": [0, 0, 1.5, 1], "texture": "#2"}
			}
		},
		{
			"from": [11.25, 13.25, 8.5],
			"to": [12, 14.5, 9.5],
			"rotation": {"angle": 45, "axis": "y", "origin": [7.75, 11.75, 9]},
			"faces": {
				"north": {"uv": [0, 0, 0.75, 1.25], "texture": "#2"},
				"east": {"uv": [0, 0, 1, 1.25], "texture": "#2"},
				"south": {"uv": [0, 0, 0.75, 1.25], "texture": "#2"},
				"west": {"uv": [0, 0, 1, 1.25], "texture": "#2"},
				"up": {"uv": [0, 0, 0.75, 1], "texture": "#2"},
				"down": {"uv": [0, 0, 0.75, 1], "texture": "#2"}
			}
		},
		{
			"from": [9.25, 12.25, 8.5],
			"to": [10.25, 13.75, 9.5],
			"rotation": {"angle": 45, "axis": "y", "origin": [7.75, 11.75, 9]},
			"faces": {
				"north": {"uv": [0, 0, 1, 1.5], "texture": "#2"},
				"east": {"uv": [0, 0, 1, 1.5], "texture": "#2"},
				"south": {"uv": [0, 0, 1, 1.5], "texture": "#2"},
				"west": {"uv": [0, 0, 1, 1.5], "texture": "#2"},
				"up": {"uv": [0, 0, 1, 1], "texture": "#2"},
				"down": {"uv": [0, 0, 1, 1], "texture": "#2"}
			}
		},
		{
			"from": [8.75, 11.25, 8.5],
			"to": [9.75, 12.75, 9.5],
			"rotation": {"angle": 45, "axis": "y", "origin": [7.75, 11.75, 9]},
			"faces": {
				"north": {"uv": [0, 0, 1, 1.5], "texture": "#2"},
				"east": {"uv": [0, 0, 1, 1.5], "texture": "#2"},
				"south": {"uv": [0, 0, 1, 1.5], "texture": "#2"},
				"west": {"uv": [0, 0, 1, 1.5], "texture": "#2"},
				"up": {"uv": [0, 0, 1, 1], "texture": "#2"},
				"down": {"uv": [0, 0, 1, 1], "texture": "#2"}
			}
		},
		{
			"from": [7.75, 13.25, 5.75],
			"to": [8.75, 14.25, 6.75],
			"rotation": {"angle": 22.5, "axis": "y", "origin": [8.25, 11.75, 8.75]},
			"faces": {
				"north": {"uv": [0, 0, 1, 1], "texture": "#2"},
				"east": {"uv": [0, 0, 1, 1], "texture": "#2"},
				"south": {"uv": [0, 0, 1, 1], "texture": "#2"},
				"west": {"uv": [0, 0, 1, 1], "texture": "#2"},
				"up": {"uv": [0, 0, 1, 1], "rotation": 270, "texture": "#2"},
				"down": {"uv": [0, 0, 1, 1], "rotation": 90, "texture": "#2"}
			}
		},
		{
			"from": [7.75, 13.75, 4.75],
			"to": [8.75, 14.75, 6.25],
			"rotation": {"angle": 22.5, "axis": "y", "origin": [8.25, 11.75, 8.75]},
			"faces": {
				"north": {"uv": [0, 0, 1, 1], "texture": "#2"},
				"east": {"uv": [0, 0, 1.5, 1], "texture": "#2"},
				"south": {"uv": [0, 0, 1, 1], "texture": "#2"},
				"west": {"uv": [0, 0, 1.5, 1], "texture": "#2"},
				"up": {"uv": [0, 0, 1.5, 1], "rotation": 270, "texture": "#2"},
				"down": {"uv": [0, 0, 1.5, 1], "rotation": 90, "texture": "#2"}
			}
		},
		{
			"from": [7.75, 13.25, 4.5],
			"to": [8.75, 14.5, 5.25],
			"rotation": {"angle": 22.5, "axis": "y", "origin": [8.25, 11.75, 8.75]},
			"faces": {
				"north": {"uv": [0, 0, 1, 1.25], "texture": "#2"},
				"east": {"uv": [0, 0, 0.75, 1.25], "texture": "#2"},
				"south": {"uv": [0, 0, 1, 1.25], "texture": "#2"},
				"west": {"uv": [0, 0, 0.75, 1.25], "texture": "#2"},
				"up": {"uv": [0, 0, 0.75, 1], "rotation": 270, "texture": "#2"},
				"down": {"uv": [0, 0, 0.75, 1], "rotation": 90, "texture": "#2"}
			}
		},
		{
			"from": [7.75, 12.25, 6.25],
			"to": [8.75, 13.75, 7.25],
			"rotation": {"angle": 22.5, "axis": "y", "origin": [8.25, 11.75, 8.75]},
			"faces": {
				"north": {"uv": [0, 0, 1, 1.5], "texture": "#2"},
				"east": {"uv": [0, 0, 1, 1.5], "texture": "#2"},
				"south": {"uv": [0, 0, 1, 1.5], "texture": "#2"},
				"west": {"uv": [0, 0, 1, 1.5], "texture": "#2"},
				"up": {"uv": [0, 0, 1, 1], "rotation": 270, "texture": "#2"},
				"down": {"uv": [0, 0, 1, 1], "rotation": 90, "texture": "#2"}
			}
		},
		{
			"from": [7.75, 11.25, 6.75],
			"to": [8.75, 12.75, 7.75],
			"rotation": {"angle": 22.5, "axis": "y", "origin": [8.25, 11.75, 8.75]},
			"faces": {
				"north": {"uv": [0, 0, 1, 1.5], "texture": "#2"},
				"east": {"uv": [0, 0, 1, 1.5], "texture": "#2"},
				"south": {"uv": [0, 0, 1, 1.5], "texture": "#2"},
				"west": {"uv": [0, 0, 1, 1.5], "texture": "#2"},
				"up": {"uv": [0, 0, 1, 1], "rotation": 270, "texture": "#2"},
				"down": {"uv": [0, 0, 1, 1], "rotation": 90, "texture": "#2"}
			}
		},
		{
			"from": [5.5, 13.25, 8],
			"to": [6.5, 14.25, 9],
			"rotation": {"angle": -22.5, "axis": "y", "origin": [8.5, 11.75, 8.5]},
			"faces": {
				"north": {"uv": [0, 0, 1, 1], "texture": "#2"},
				"east": {"uv": [0, 0, 1, 1], "texture": "#2"},
				"south": {"uv": [0, 0, 1, 1], "texture": "#2"},
				"west": {"uv": [0, 0, 1, 1], "texture": "#2"},
				"up": {"uv": [0, 0, 1, 1], "rotation": 180, "texture": "#2"},
				"down": {"uv": [0, 0, 1, 1], "rotation": 180, "texture": "#2"}
			}
		},
		{
			"from": [4.5, 13.75, 8],
			"to": [6, 14.75, 9],
			"rotation": {"angle": -22.5, "axis": "y", "origin": [8.5, 11.75, 8.5]},
			"faces": {
				"north": {"uv": [0, 0, 1.5, 1], "texture": "#2"},
				"east": {"uv": [0, 0, 1, 1], "texture": "#2"},
				"south": {"uv": [0, 0, 1.5, 1], "texture": "#2"},
				"west": {"uv": [0, 0, 1, 1], "texture": "#2"},
				"up": {"uv": [0, 0, 1.5, 1], "rotation": 180, "texture": "#2"},
				"down": {"uv": [0, 0, 1.5, 1], "rotation": 180, "texture": "#2"}
			}
		},
		{
			"from": [4.25, 13.25, 8],
			"to": [5, 14.5, 9],
			"rotation": {"angle": -22.5, "axis": "y", "origin": [8.5, 11.75, 8.5]},
			"faces": {
				"north": {"uv": [0, 0, 0.75, 1.25], "texture": "#2"},
				"east": {"uv": [0, 0, 1, 1.25], "texture": "#2"},
				"south": {"uv": [0, 0, 0.75, 1.25], "texture": "#2"},
				"west": {"uv": [0, 0, 1, 1.25], "texture": "#2"},
				"up": {"uv": [0, 0, 0.75, 1], "rotation": 180, "texture": "#2"},
				"down": {"uv": [0, 0, 0.75, 1], "rotation": 180, "texture": "#2"}
			}
		},
		{
			"from": [6, 12.25, 8],
			"to": [7, 13.75, 9],
			"rotation": {"angle": -22.5, "axis": "y", "origin": [8.5, 11.75, 8.5]},
			"faces": {
				"north": {"uv": [0, 0, 1, 1.5], "texture": "#2"},
				"east": {"uv": [0, 0, 1, 1.5], "texture": "#2"},
				"south": {"uv": [0, 0, 1, 1.5], "texture": "#2"},
				"west": {"uv": [0, 0, 1, 1.5], "texture": "#2"},
				"up": {"uv": [0, 0, 1, 1], "rotation": 180, "texture": "#2"},
				"down": {"uv": [0, 0, 1, 1], "rotation": 180, "texture": "#2"}
			}
		},
		{
			"from": [6.5, 11.25, 8],
			"to": [7.5, 12.75, 9],
			"rotation": {"angle": -22.5, "axis": "y", "origin": [8.5, 11.75, 8.5]},
			"faces": {
				"north": {"uv": [0, 0, 1, 1.5], "texture": "#2"},
				"east": {"uv": [0, 0, 1, 1.5], "texture": "#2"},
				"south": {"uv": [0, 0, 1, 1.5], "texture": "#2"},
				"west": {"uv": [0, 0, 1, 1.5], "texture": "#2"},
				"up": {"uv": [0, 0, 1, 1], "rotation": 180, "texture": "#2"},
				"down": {"uv": [0, 0, 1, 1], "rotation": 180, "texture": "#2"}
			}
		},
		{
			"from": [5.5, 13.25, 7.75],
			"to": [6.5, 14.25, 8.75],
			"rotation": {"angle": 22.5, "axis": "y", "origin": [8.5, 11.75, 8.25]},
			"faces": {
				"north": {"uv": [0, 0, 1, 1], "texture": "#2"},
				"east": {"uv": [0, 0, 1, 1], "texture": "#2"},
				"south": {"uv": [0, 0, 1, 1], "texture": "#2"},
				"west": {"uv": [0, 0, 1, 1], "texture": "#2"},
				"up": {"uv": [0, 0, 1, 1], "rotation": 180, "texture": "#2"},
				"down": {"uv": [0, 0, 1, 1], "rotation": 180, "texture": "#2"}
			}
		},
		{
			"from": [4.5, 13.75, 7.75],
			"to": [6, 14.75, 8.75],
			"rotation": {"angle": 22.5, "axis": "y", "origin": [8.5, 11.75, 8.25]},
			"faces": {
				"north": {"uv": [0, 0, 1.5, 1], "texture": "#2"},
				"east": {"uv": [0, 0, 1, 1], "texture": "#2"},
				"south": {"uv": [0, 0, 1.5, 1], "texture": "#2"},
				"west": {"uv": [0, 0, 1, 1], "texture": "#2"},
				"up": {"uv": [0, 0, 1.5, 1], "rotation": 180, "texture": "#2"},
				"down": {"uv": [0, 0, 1.5, 1], "rotation": 180, "texture": "#2"}
			}
		},
		{
			"from": [4.25, 13.25, 7.75],
			"to": [5, 14.5, 8.75],
			"rotation": {"angle": 22.5, "axis": "y", "origin": [8.5, 11.75, 8.25]},
			"faces": {
				"north": {"uv": [0, 0, 0.75, 1.25], "texture": "#2"},
				"east": {"uv": [0, 0, 1, 1.25], "texture": "#2"},
				"south": {"uv": [0, 0, 0.75, 1.25], "texture": "#2"},
				"west": {"uv": [0, 0, 1, 1.25], "texture": "#2"},
				"up": {"uv": [0, 0, 0.75, 1], "rotation": 180, "texture": "#2"},
				"down": {"uv": [0, 0, 0.75, 1], "rotation": 180, "texture": "#2"}
			}
		},
		{
			"from": [6, 12.25, 7.75],
			"to": [7, 13.75, 8.75],
			"rotation": {"angle": 22.5, "axis": "y", "origin": [8.5, 11.75, 8.25]},
			"faces": {
				"north": {"uv": [0, 0, 1, 1.5], "texture": "#2"},
				"east": {"uv": [0, 0, 1, 1.5], "texture": "#2"},
				"south": {"uv": [0, 0, 1, 1.5], "texture": "#2"},
				"west": {"uv": [0, 0, 1, 1.5], "texture": "#2"},
				"up": {"uv": [0, 0, 1, 1], "rotation": 180, "texture": "#2"},
				"down": {"uv": [0, 0, 1, 1], "rotation": 180, "texture": "#2"}
			}
		},
		{
			"from": [6.5, 11.25, 7.75],
			"to": [7.5, 12.75, 8.75],
			"rotation": {"angle": 22.5, "axis": "y", "origin": [8.5, 11.75, 8.25]},
			"faces": {
				"north": {"uv": [0, 0, 1, 1.5], "texture": "#2"},
				"east": {"uv": [0, 0, 1, 1.5], "texture": "#2"},
				"south": {"uv": [0, 0, 1, 1.5], "texture": "#2"},
				"west": {"uv": [0, 0, 1, 1.5], "texture": "#2"},
				"up": {"uv": [0, 0, 1, 1], "rotation": 180, "texture": "#2"},
				"down": {"uv": [0, 0, 1, 1], "rotation": 180, "texture": "#2"}
			}
		},
		{
			"from": [7.5, 12, 7.75],
			"to": [9, 13, 9],
			"rotation": {"angle": 0, "axis": "y", "origin": [16, 20, 16]},
			"faces": {
				"north": {"uv": [0, 0, 1.5, 1], "texture": "#2"},
				"east": {"uv": [0, 0, 1.25, 1], "texture": "#2"},
				"south": {"uv": [0, 0, 1.5, 1], "texture": "#2"},
				"west": {"uv": [0, 0, 1.25, 1], "texture": "#2"},
				"up": {"uv": [0, 0, 1.5, 1.25], "texture": "#2"},
				"down": {"uv": [0, 0, 1.5, 1.25], "texture": "#2"}
			}
		}
	],
	"display": {
		"thirdperson_righthand": {
			"translation": [0, 3.25, 0]
		},
		"firstperson_righthand": {
			"rotation": [-24, 133, 14],
			"translation": [0, 3.75, 0]
		},
		"firstperson_lefthand": {
			"rotation": [0, -180, 0],
			"translation": [-9, 7.5, 0],
			"scale": [3, 1.53, 1.5]
		},
		"gui": {
			"rotation": [0, -180, 0],
			"translation": [0, -1, 0],
			"scale": [1.25, 1.25, 1.25]
		},
		"head": {
			"translation": [-0.25, 9.5, -3.5],
			"scale": [4, 4, 4]
		},
		"fixed": {
			"scale": [4, 4, 4]
		}
	},
	"groups": [
		{
			"name": "group",
			"origin": [18, 8, 15],
			"children": [0, 1, 2, 3, 4]
		},
		{
			"name": "group",
			"origin": [18, 8, 15],
			"children": [5, 6, 7, 8, 9]
		},
		{
			"name": "group",
			"origin": [18, 8, 15],
			"children": [10, 11, 12, 13, 14]
		},
		{
			"name": "group",
			"origin": [18, 8, 15],
			"children": [15, 16, 17, 18, 19]
		},
		{
			"name": "group",
			"origin": [18, 8, 15],
			"children": [20, 21, 22, 23, 24]
		},
		{
			"name": "group",
			"origin": [18, 8, 15],
			"children": [25, 26, 27, 28, 29]
		}, 30, 31, 32, 33, 34, 35, 36,
		{
			"name": "group",
			"origin": [17, 19.75, 16],
			"children": [37, 38, 39, 40, 41]
		},
		{
			"name": "group",
			"origin": [17, 19.75, 16],
			"children": [42, 43, 44, 45, 46]
		},
		{
			"name": "group",
			"origin": [17, 19.75, 16],
			"children": [47, 48, 49, 50, 51]
		},
		{
			"name": "group",
			"origin": [17, 19.75, 16],
			"children": [52, 53, 54, 55, 56]
		},
		{
			"name": "group",
			"origin": [17, 19.75, 16],
			"children": [57, 58, 59, 60, 61]
		},
		{
			"name": "group",
			"origin": [17, 19.75, 16],
			"children": [62, 63, 64, 65, 66]
		},
		{
			"name": "group",
			"origin": [17, 19.75, 16],
			"children": [67, 68, 69, 70, 71]
		}, 72]
}