{
	"credit": "Made with Blockbench",
	"parent": "block",
	"textures": {
		"0": "block/red_concrete",
		"1": "block/orange_concrete",
		"2": "block/yellow_concrete",
		"3": "block/lime_concrete",
		"4": "block/green_concrete",
		"5": "block/cyan_concrete",
		"6": "block/blue_concrete",
		"7": "block/pink_concrete",
		"8": "block/purple_concrete",
		"10": "block/brown_concrete",
		"11": "block/black_concrete"
	},
	"elements": [
		{
			"name": "Foot",
			"from": [12.5, 0, 0],
			"to": [14.5, 2, 6.3],
			"rotation": {"angle": 0, "axis": "y", "origin": [12, 8, 4]},
			"faces": {
				"north": {"uv": [0, 0, 2, 2], "texture": "#11"},
				"east": {"uv": [0, 0, 6.3, 2], "texture": "#11"},
				"south": {"uv": [0, 0, 2, 2], "texture": "#11"},
				"west": {"uv": [0, 0, 6.3, 2], "texture": "#11"},
				"up": {"uv": [0, 0, 2, 6.3], "rotation": 180, "texture": "#11"},
				"down": {"uv": [0, 0, 2, 6.3], "rotation": 180, "texture": "#11"}
			}
		},
		{
			"name": "Foot",
			"from": [8, 0, 0],
			"to": [10, 2, 6.3],
			"rotation": {"angle": 0, "axis": "y", "origin": [12, 8, 4]},
			"faces": {
				"north": {"uv": [3, 0, 5, 2], "texture": "#11"},
				"east": {"uv": [7, 0, 13.3, 2], "texture": "#11"},
				"south": {"uv": [3, 0, 5, 2], "texture": "#11"},
				"west": {"uv": [7, 0, 13.3, 2], "texture": "#11"},
				"up": {"uv": [3, 0, 5, 6.3], "rotation": 180, "texture": "#11"},
				"down": {"uv": [3, 0, 5, 6.3], "rotation": 180, "texture": "#11"}
			}
		},
		{
			"name": "Backpack",
			"from": [9, 3, -1],
			"to": [13.25, 7.25, 0],
			"rotation": {"angle": 0, "axis": "y", "origin": [12, 8, 4]},
			"faces": {
				"north": {"uv": [0, 0, 15.25, 15.25], "texture": "#11"},
				"east": {"uv": [0, 0, 1, 4.25], "texture": "#11"},
				"south": {"uv": [0, 0, 4.25, 4.25], "texture": "#11"},
				"west": {"uv": [0, 0, 1, 4.25], "texture": "#11"},
				"up": {"uv": [0, 0, 4.25, 1], "rotation": 180, "texture": "#11"},
				"down": {"uv": [0, 0, 4.25, 1], "rotation": 180, "texture": "#11"}
			}
		},
		{
			"name": "Visor",
			"from": [9, 6, 6],
			"to": [13.25, 8.25, 7],
			"rotation": {"angle": 0, "axis": "y", "origin": [12, 8, 4]},
			"faces": {
				"north": {"uv": [0, 0, 4.25, 2.25], "texture": "#11"},
				"east": {"uv": [0, 0, 1, 2.25], "texture": "#11"},
				"south": {"uv": [0, 0, 4.25, 2.25], "texture": "#11"},
				"west": {"uv": [0, 0, 1, 2.25], "texture": "#11"},
				"up": {"uv": [0, 0, 4.25, 1], "rotation": 180, "texture": "#11"},
				"down": {"uv": [0, 0, 4.25, 1], "rotation": 180, "texture": "#11"}
			}
		},
		{
			"from": [8, 2, 0],
			"to": [9, 4.5, 3],
			"rotation": {"angle": 0, "axis": "y", "origin": [16, 10, 8]},
			"faces": {
				"north": {"uv": [0, 0, 1, 2.5], "texture": "#4"},
				"east": {"uv": [0, 0, 3, 2.5], "texture": "#4"},
				"south": {"uv": [0, 0, 1, 2.5], "texture": "#4"},
				"west": {"uv": [0, 0, 3, 2.5], "texture": "#4"},
				"up": {"uv": [0, 0, 1, 3], "texture": "#4"},
				"down": {"uv": [0, 0, 1, 3], "texture": "#4"}
			}
		},
		{
			"from": [8, 2, 3],
			"to": [9, 4.5, 6],
			"rotation": {"angle": 0, "axis": "y", "origin": [16, 10, 11]},
			"faces": {
				"north": {"uv": [0, 0, 1, 2.5], "texture": "#5"},
				"east": {"uv": [0, 0, 3, 2.5], "texture": "#5"},
				"south": {"uv": [0, 0, 1, 2.5], "texture": "#6"},
				"west": {"uv": [0, 0, 3, 2.5], "texture": "#5"},
				"up": {"uv": [0, 0, 1, 3], "texture": "#5"},
				"down": {"uv": [0, 0, 1, 3], "texture": "#5"}
			}
		},
		{
			"from": [8, 4.5, 0],
			"to": [9, 7, 3],
			"rotation": {"angle": 0, "axis": "y", "origin": [16, 13, 8]},
			"faces": {
				"north": {"uv": [0, 0, 1, 2.5], "texture": "#2"},
				"east": {"uv": [0, 0, 3, 2.5], "texture": "#2"},
				"south": {"uv": [0, 0, 1, 2.5], "texture": "#2"},
				"west": {"uv": [0, 0, 3, 2.5], "texture": "#2"},
				"up": {"uv": [0, 0, 1, 3], "texture": "#2"},
				"down": {"uv": [0, 0, 1, 3], "texture": "#2"}
			}
		},
		{
			"from": [8, 4.5, 3],
			"to": [9, 7, 6],
			"rotation": {"angle": 0, "axis": "y", "origin": [16, 13, 11]},
			"faces": {
				"north": {"uv": [0, 0, 1, 2.5], "texture": "#3"},
				"east": {"uv": [0, 0, 3, 2.5], "texture": "#3"},
				"south": {"uv": [0, 0, 1, 2.5], "texture": "#7"},
				"west": {"uv": [0, 0, 3, 2.5], "texture": "#3"},
				"up": {"uv": [0, 0, 1, 3], "texture": "#3"},
				"down": {"uv": [0, 0, 1, 3], "texture": "#3"}
			}
		},
		{
			"from": [8, 7, 0],
			"to": [9, 9.5, 3],
			"rotation": {"angle": 0, "axis": "y", "origin": [16, 15, 8]},
			"faces": {
				"north": {"uv": [0, 0, 1, 2.5], "texture": "#0"},
				"east": {"uv": [0, 0, 3, 2.5], "texture": "#0"},
				"south": {"uv": [0, 0, 1, 2.5], "texture": "#0"},
				"west": {"uv": [0, 0, 3, 2.5], "texture": "#0"},
				"up": {"uv": [0, 0, 1, 3], "texture": "#10"},
				"down": {"uv": [0, 0, 1, 3], "texture": "#0"}
			}
		},
		{
			"from": [8, 7, 3],
			"to": [9, 9.5, 6],
			"rotation": {"angle": 0, "axis": "y", "origin": [16, 15, 11]},
			"faces": {
				"north": {"uv": [0, 0, 1, 2.5], "texture": "#1"},
				"east": {"uv": [0, 0, 3, 2.5], "texture": "#1"},
				"south": {"uv": [0, 0, 1, 2.5], "texture": "#8"},
				"west": {"uv": [0, 0, 3, 2.5], "texture": "#1"},
				"up": {"uv": [0, 0, 1, 3], "texture": "#10"},
				"down": {"uv": [0, 0, 1, 3], "texture": "#1"}
			}
		},
		{
			"from": [9, 2, 5],
			"to": [14.5, 4.5, 6],
			"rotation": {"angle": 0, "axis": "y", "origin": [17, 10, 13]},
			"faces": {
				"north": {"uv": [0, 0, 5.5, 2.5], "texture": "#6"},
				"east": {"uv": [0, 0, 1, 2.5], "texture": "#6"},
				"south": {"uv": [0, 0, 5.5, 2.5], "texture": "#6"},
				"west": {"uv": [0, 0, 1, 2.5], "texture": "#6"},
				"up": {"uv": [0, 0, 5.5, 1], "texture": "#6"},
				"down": {"uv": [0, 0, 5.5, 1], "texture": "#6"}
			}
		},
		{
			"from": [9, 7, 5],
			"to": [14.5, 9.5, 6],
			"rotation": {"angle": 0, "axis": "y", "origin": [17, 15, 13]},
			"faces": {
				"north": {"uv": [0, 0, 5.5, 2.5], "texture": "#8"},
				"east": {"uv": [0, 0, 1, 2.5], "texture": "#8"},
				"south": {"uv": [0, 0, 5.5, 2.5], "texture": "#8"},
				"west": {"uv": [0, 0, 1, 2.5], "texture": "#8"},
				"up": {"uv": [0, 0, 5.5, 1], "texture": "#10"},
				"down": {"uv": [0, 0, 5.5, 1], "texture": "#8"}
			}
		},
		{
			"from": [9, 4.5, 5],
			"to": [14.5, 7, 6],
			"rotation": {"angle": 0, "axis": "y", "origin": [17, 15, 13]},
			"faces": {
				"north": {"uv": [0, 0, 5.5, 2.5], "texture": "#7"},
				"east": {"uv": [0, 0, 1, 2.5], "texture": "#7"},
				"south": {"uv": [0, 0, 5.5, 2.5], "texture": "#7"},
				"west": {"uv": [0, 0, 1, 2.5], "texture": "#7"},
				"up": {"uv": [0, 0, 5.5, 1], "texture": "#7"},
				"down": {"uv": [0, 0, 5.5, 1], "texture": "#7"}
			}
		},
		{
			"from": [9, 8.5, 0],
			"to": [14.5, 9.5, 5],
			"rotation": {"angle": 0, "axis": "y", "origin": [17, 17, 8]},
			"faces": {
				"north": {"uv": [0, 0, 5.5, 1], "texture": "#10"},
				"east": {"uv": [0, 0, 5, 1], "texture": "#10"},
				"south": {"uv": [0, 0, 5.5, 1], "texture": "#10"},
				"west": {"uv": [0, 0, 5, 1], "texture": "#10"},
				"up": {"uv": [0, 0, 5.5, 16], "texture": "#10"},
				"down": {"uv": [0, 0, 5.5, 5], "texture": "#10"}
			}
		}
	],
	"display": {
		"thirdperson_righthand": {
			"translation": [0, 7, 0]
		},
		"gui": {
			"rotation": [45, 45, 0],
			"translation": [1.5, -2, 0],
			"scale": [1.1, 1.1, 1.1]
		}
	},
	"groups": [0, 1, 2, 3,
		{
			"name": "Body",
			"origin": [16, 10, 8],
			"children": [4, 5, 6, 7, 8, 9, 10, 11, 12, 13]
		}
	]
}