{
	"credit": "Made with Blockbench",
	"parent": "block",
	"textures": {
		"0": "block/laptop_screen_on",
		"1": "block/white_terracotta",
		"2": "block/laptop_keyboard",
		"particle": "block/white_terracotta"
	},
	"elements": [
		{
			"from": [3, 0, 5],
			"to": [13, 1, 11],
			"faces": {
				"north": {"uv": [0, 0, 10, 1], "texture": "#1"},
				"east": {"uv": [0, 0, 6, 1], "texture": "#1"},
				"south": {"uv": [0, 0, 10, 1], "texture": "#1"},
				"west": {"uv": [0, 0, 6, 1], "texture": "#1"},
				"up": {"uv": [0, 0, 16, 16], "texture": "#2"},
				"down": {"uv": [0, 0, 10, 6], "texture": "#1"}
			}
		},
		{
			"from": [3, 3, 3],
			"to": [13, 9, 4],
			"rotation": {"angle": -22.5, "axis": "x", "origin": [8, 6, 11]},
			"faces": {
				"north": {"uv": [0, 0, 10, 6], "rotation": 180, "texture": "#1"},
				"east": {"uv": [0, 0, 6, 1], "rotation": 270, "texture": "#1"},
				"south": {"uv": [0, 0, 16, 16], "texture": "#0"},
				"west": {"uv": [0, 0, 6, 1], "rotation": 90, "texture": "#1"},
				"up": {"uv": [0, 0, 10, 1], "rotation": 180, "texture": "#1"},
				"down": {"uv": [0, 0, 10, 1], "texture": "#1"}
			}
		}
	]
}