{
	"credit": "Made with Blockbench",
	"parent": "block/block",
	"textures": {
		"0": "block/purpur_block",
		"1": "block/black_concrete",
		"2": "block/magenta_stained_glass",
		"3": "block/boarding_pass_scanner",
		"particle": "block/boarding_pass_scanner"
	},
	"elements": [
		{
			"from": [4, 2, 4],
			"to": [12, 3, 12],
			"rotation": {"angle": -22.5, "axis": "x", "origin": [7, 2, 4]},
			"faces": {
				"north": {"uv": [0, 14.025, 15.992, 15.992], "texture": "#3"},
				"east": {"uv": [0, 14.025, 15.992, 15.992], "texture": "#3"},
				"south": {"uv": [0, 14.025, 15.992, 15.992], "texture": "#3"},
				"west": {"uv": [0, 14.025, 15.992, 15.992], "texture": "#3"},
				"up": {"uv": [0, 0, 16, 14.08], "rotation": 180, "texture": "#3"},
				"down": {"uv": [3.5, 0.5, 3.75, 0.75], "rotation": 180, "texture": "#3"}
			}
		},
		{
			"from": [7, 1, 7],
			"to": [9, 4.1, 9],
			"rotation": {"angle": 0, "axis": "y", "origin": [15, 8, 15]},
			"faces": {
				"north": {"uv": [0, 0, 2, 3.1], "texture": "#1"},
				"east": {"uv": [0, 0, 2, 3.1], "texture": "#1"},
				"south": {"uv": [0, 0, 2, 3.1], "texture": "#1"},
				"west": {"uv": [0, 0, 2, 3.1], "texture": "#1"},
				"up": {"uv": [0, 0, 2, 2], "texture": "#1"},
				"down": {"uv": [0, 0, 2, 2], "texture": "#1"}
			}
		},
		{
			"from": [6, 0, 5],
			"to": [10, 1, 11],
			"rotation": {"angle": 0, "axis": "y", "origin": [14, 8, 13]},
			"faces": {
				"north": {"uv": [0, 0, 4, 1], "texture": "#2"},
				"east": {"uv": [0, 0, 6, 1], "texture": "#2"},
				"south": {"uv": [0, 0, 4, 1], "texture": "#2"},
				"west": {"uv": [0, 0, 6, 1], "texture": "#2"},
				"up": {"uv": [0, 0, 4, 6], "texture": "#2"},
				"down": {"uv": [0, 0, 4, 6], "texture": "#0"}
			}
		},
		{
			"from": [0, 0, 0],
			"to": [16, 0, 16],
			"faces": {
				"north": {"uv": [0, 0, 16, 0], "texture": "#missing"},
				"east": {"uv": [0, 0, 16, 0], "texture": "#missing"},
				"south": {"uv": [0, 0, 16, 0], "texture": "#missing"},
				"west": {"uv": [0, 0, 16, 0], "texture": "#missing"},
				"up": {"uv": [0, 0, 16, 16], "texture": "#0"},
				"down": {"uv": [0, 0, 16, 16], "texture": "#0"}
			}
		}
	]
}